{
    "total_runtime": 2.831138849258423,
    "num_documents": 1,
    "input_load_time": 0,
    "workflows": {
        "create_base_text_units": {
            "overall": 1.8250672817230225,
            "0_orderby": 0.002388477325439453,
            "1_zip": 0.0030024051666259766,
            "2_aggregate_override": 0.004628419876098633,
            "3_chunk": 1.7749333381652832,
            "4_select": 0.0036153793334960938,
            "5_unroll": 0.004539966583251953,
            "6_rename": 0.003655672073364258,
            "7_genid": 0.004281044006347656,
            "8_unzip": 0.004652976989746094,
            "9_copy": 0.004143714904785156,
            "10_filter": 0.013132572174072266
        },
        "create_base_extracted_entities": {
            "overall": 0.4844474792480469,
            "0_entity_extract": 0.4698824882507324,
            "1_merge_graphs": 0.009734869003295898
        },
        "create_summarized_entities": {
            "overall": 0.022730112075805664,
            "0_summarize_descriptions": 0.010290861129760742
        }
    }
}