{
    "total_runtime": 2.2117128372192383,
    "num_documents": 2,
    "input_load_time": 0,
    "workflows": {
        "create_base_text_units": {
            "overall": 2.055351972579956,
            "0_orderby": 0.002523183822631836,
            "1_zip": 0.0030863285064697266,
            "2_aggregate_override": 0.005295991897583008,
            "3_chunk": 1.9996511936187744,
            "4_select": 0.0035643577575683594,
            "5_unroll": 0.00496983528137207,
            "6_rename": 0.003664731979370117,
            "7_genid": 0.008440256118774414,
            "8_unzip": 0.004652500152587891,
            "9_copy": 0.004126787185668945,
            "10_filter": 0.01311182975769043
        }
    }
}